Task ID,Task Name,Owner Role,Owner Expertise,Priority,Timeline,Dependencies,Status,Success Metrics
MOBILE-001,Mobile Touch Target Optimization,Mobile UX Specialist,frontend-mobile-expert,CRITICAL,Day 1-2,None,Pending,100% touch compliance
MOBILE-002,Image Performance Optimization,Performance Engineer,performance-optimizer,CRITICAL,Day 1-3,None,Pending,50% payload reduction
MOBILE-003,Mobile Navigation Overhaul,Frontend React Developer,react-specialist,HIGH,Day 2-3,MOBILE-001,Pending,95+ usability score
MOBILE-004,Booking Flow Mobile Optimization,Conversion Specialist,conversion-optimizer,CRITICAL,Day 2-4,MOBILE-001,Pending,20% abandonment reduction
MOBILE-005,Critical Performance Fixes,DevOps Engineer,infrastructure-expert,HIGH,Day 1-3,None,Pending,TTI <3.5s
MOBILE-006,Mobile-First Content Rewrite,Travel Copywriter,content-specialist,HIGH,Day 3-5,MOBILE-001,Pending,15% CTR increase
MOBILE-007,Social Proof Integration,Frontend Developer,react-specialist,MEDIUM,Day 4-5,MOBILE-003,Pending,10% conversion increase
MOBILE-008,Form Optimization & Validation,UX Designer,ux-specialist,HIGH,Day 3-4,MOBILE-001,Pending,30% error reduction
MOBILE-009,Loading States & Skeleton Screens,Frontend Developer,react-specialist,MEDIUM,Day 4-5,MOBILE-003,Pending,Improved perceived performance
MOBILE-010,Mobile SEO & Metadata,SEO Specialist,seo-expert,MEDIUM,Day 4-5,MOBILE-006,Pending,Better mobile SERP CTR
PERF-001,Code Splitting Implementation,Performance Engineer,webpack-specialist,HIGH,Day 1-2,None,Pending,30% bundle size reduction
PERF-002,CDN Configuration,DevOps Engineer,infrastructure-expert,HIGH,Day 1,None,Pending,<200ms TTFB
PERF-003,Database Query Optimization,Backend Developer,database-expert,HIGH,Day 2-3,None,Pending,50% query time reduction
PERF-004,Service Worker Setup,Frontend Developer,pwa-specialist,MEDIUM,Day 4-5,PERF-001,Pending,Offline capability
PERF-005,Resource Hints Implementation,Performance Engineer,performance-optimizer,MEDIUM,Day 2,PERF-002,Pending,Faster resource loading
UX-001,Component Standardization,UX Designer,design-system-expert,HIGH,Day 1-3,None,Pending,Consistent spacing
UX-002,Error Handling Improvement,Frontend Developer,react-specialist,HIGH,Day 3-4,UX-001,Pending,Clear error messages
UX-003,Accessibility Audit & Fixes,Accessibility Specialist,a11y-expert,HIGH,Day 3-5,UX-001,Pending,WCAG 2.1 AA compliance
UX-004,Focus Management,Frontend Developer,react-specialist,MEDIUM,Day 4-5,UX-003,Pending,Proper tab navigation
UX-005,Animation Performance,Frontend Developer,animation-specialist,LOW,Day 5,UX-001,Pending,60fps animations
CONTENT-001,Hero Section Rewrite,Travel Copywriter,content-specialist,HIGH,Day 1-2,None,Pending,Increased engagement
CONTENT-002,Tour Description Optimization,Travel Copywriter,content-specialist,HIGH,Day 2-4,None,Pending,Better scannability
CONTENT-003,CTA Button Copy,Conversion Specialist,conversion-optimizer,HIGH,Day 1,None,Pending,Higher click rates
CONTENT-004,Trust Indicator Copy,Travel Copywriter,content-specialist,MEDIUM,Day 3,None,Pending,Increased trust
CONTENT-005,Meta Description Updates,SEO Specialist,seo-expert,MEDIUM,Day 4-5,CONTENT-002,Pending,Better SERP CTR
CONVERSION-001,Urgency Indicators,Conversion Specialist,behavioral-psychology,HIGH,Day 2-3,None,Pending,FOMO activation
CONVERSION-002,Trust Badges Design,UX Designer,trust-design-expert,HIGH,Day 1-2,None,Pending,Increased confidence
CONVERSION-003,Progress Indicators,UX Designer,ux-specialist,HIGH,Day 2-3,None,Pending,Reduced abandonment
CONVERSION-004,Social Proof Widgets,Frontend Developer,react-specialist,MEDIUM,Day 4-5,CONVERSION-002,Pending,Higher conversion
CONVERSION-005,Exit Intent Optimization,Conversion Specialist,conversion-optimizer,LOW,Day 5,CONVERSION-001,Pending,Recovery rate increase
QA-001,Mobile Device Testing,QA Engineer,mobile-testing-expert,CRITICAL,Daily,All,In Progress,Zero critical bugs
QA-002,Performance Testing,QA Engineer,performance-testing,HIGH,Daily,PERF-*,Pending,Metrics validation
QA-003,Cross-Browser Testing,QA Engineer,browser-testing-expert,HIGH,Day 3-5,All,Pending,Browser compatibility
QA-004,Accessibility Testing,QA Engineer,a11y-testing-expert,HIGH,Day 4-5,UX-003,Pending,WCAG compliance
QA-005,User Flow Testing,QA Engineer,e2e-testing-expert,CRITICAL,Day 3-5,MOBILE-004,Pending,Smooth user journeys
ANALYTICS-001,Event Tracking Setup,Analytics Engineer,gtm-expert,HIGH,Day 1-2,None,Pending,Complete tracking
ANALYTICS-002,Conversion Funnel Setup,Analytics Engineer,analytics-expert,HIGH,Day 2-3,ANALYTICS-001,Pending,Funnel visibility
ANALYTICS-003,Heatmap Implementation,Analytics Engineer,hotjar-expert,MEDIUM,Day 3-4,ANALYTICS-001,Pending,User behavior insights
ANALYTICS-004,A/B Test Framework,Analytics Engineer,testing-expert,MEDIUM,Day 4-5,ANALYTICS-002,Pending,Testing capability
ANALYTICS-005,Dashboard Creation,Analytics Engineer,reporting-expert,LOW,Day 5,ANALYTICS-002,Pending,Real-time insights
INFRA-001,Monitoring Setup,DevOps Engineer,monitoring-expert,HIGH,Day 1,None,Pending,System visibility
INFRA-002,Backup Strategy,DevOps Engineer,infrastructure-expert,MEDIUM,Day 2,None,Pending,Data protection
INFRA-003,Scaling Preparation,DevOps Engineer,scaling-expert,MEDIUM,Day 3-4,INFRA-001,Pending,Handle traffic spikes
INFRA-004,Security Audit,Security Engineer,security-expert,HIGH,Day 4-5,None,Pending,Zero vulnerabilities
INFRA-005,CI/CD Optimization,DevOps Engineer,cicd-expert,LOW,Day 5,None,Pending,Faster deployments